figure_id,caption,source_file,status,approved_build,alt_text_status,notes
Figure 1,Component inventory for one complete frame.,assets/approved/Drawing.afdesign,approved,D24,complete,Illustrated inventory A-J in Drawing.afdesign
Figure 2,Proportional seven-stick conduit cut diagram.,assets/approved/Drawing.afdesign,approved,D24,complete,Seven 10-ft stick cut breakdown in Drawing.afdesign
Figure 3,Folded-state component and connector-fastening map for the finished frame.,assets/approved/Drawing.afdesign,approved,D24,complete,Folded connection map with red/blue markers
Figure 3A,Exploded folded-state component and connector-fastening map.,assets/approved/Drawing.afdesign,approved,D24,complete,Exploded view with callouts in Drawing.afdesign
Figure 4,Stage 1 main-frame assembly and corner detail.,assets/approved/Drawing.afdesign,approved,D24,complete,Stage 1 A/B rectangle and H plug alignment
Figure 5,Stage 2 inner-rail placement and T-bracket fastening.,assets/approved/Drawing.afdesign,approved,D24,complete,Stage 2 inner A rails and G T-brackets
Figure 6,Stage 3 rear-support-frame assembly and hinge fastening.,assets/approved/Drawing.afdesign,approved,D24,complete,Stage 3 D/C frame and hinge attachment
Figure 7,Stage 4 bottom-support-arm installation and clip fastening.,assets/approved/Drawing.afdesign,approved,D24,complete,Stage 4 E arms and I clips
Figure 8,Deployed cutaway side elevation showing the B foot and C/E connection.,assets/approved/Drawing.afdesign,approved,D24,complete,Side elevation with ground line and vinyl face
